date,open_price,high_price,low_price,close_price,volume,symbol,daily_return,MA_7
2025-10-10,254.94,256.38,244.0,245.27,61999098,AAPL,,
2025-10-13,249.38,249.69,245.56,247.66,38142942,AAPL,0.009744363354670327,
2025-10-14,246.6,248.845,244.7,247.77,35477986,AAPL,0.0004441573124445153,
2025-10-15,249.485,251.82,247.47,249.34,33893611,AAPL,0.006336521774226167,
2025-10-16,248.25,249.04,245.13,247.45,39776974,AAPL,-0.007580011229646355,
2025-10-17,248.02,253.38,247.27,252.29,49146961,AAPL,0.0195595069711052,
2025-10-20,255.885,264.375,255.63,262.24,90483029,AAPL,0.03943874113123802,250.28857142857143
2025-10-21,261.88,265.29,261.83,262.77,46695948,AAPL,0.0020210494203782847,252.78857142857143
2025-10-22,262.65,262.85,255.43,258.45,45015254,AAPL,-0.016440232903299434,254.32999999999998
2025-10-23,259.94,260.62,258.0101,259.58,32754941,AAPL,0.0043722189978718795,256.01714285714286
2025-10-24,261.19,264.13,259.18,262.82,38253717,AAPL,0.012481701209646312,257.9428571428571
2025-10-27,264.88,269.12,264.6501,268.81,44888152,AAPL,0.02279126398295417,260.9942857142857
2025-10-28,268.985,269.89,268.15,269.0,41534759,AAPL,0.0007068189427477112,263.38142857142856
2025-10-29,269.275,271.41,267.11,269.7,51086742,AAPL,0.0026022304832713505,264.44714285714286
2025-10-30,271.99,274.14,268.48,271.4,69886534,AAPL,0.006303299962921782,265.68
2025-10-31,276.99,277.32,269.16,270.37,86167123,AAPL,-0.0037951363301399477,267.3828571428571
2025-11-03,270.42,270.85,266.25,269.05,50194583,AAPL,-0.004882198468765031,268.7357142857143
2025-11-04,268.325,271.486,267.615,270.04,49274846,AAPL,0.0036796134547483206,269.76714285714286
2025-11-05,268.61,271.7,266.93,270.14,42586288,AAPL,0.00037031550881327924,269.95714285714286
2025-11-06,267.89,273.4,267.89,269.77,51204045,AAPL,-0.0013696601762049898,270.0671428571428
2025-11-07,269.795,272.29,266.77,268.47,48227365,AAPL,-0.004818919820587686,269.89142857142855
2025-11-10,268.96,273.73,267.455,269.43,41312412,AAPL,0.003575818527209673,269.61
2025-11-11,269.81,275.91,269.8,275.25,46208318,AAPL,0.021601158000222664,270.3071428571429
2025-11-12,275.0,275.73,271.7,273.47,48397982,AAPL,-0.006466848319709229,270.93857142857144
2025-11-13,274.11,276.699,272.09,272.95,49602794,AAPL,-0.0019014882802502742,271.3542857142857
2025-11-14,271.05,275.96,269.6,272.41,47431331,AAPL,-0.0019783843194722817,271.67857142857144
2025-11-17,268.815,270.49,265.73,267.46,45018260,AAPL,-0.01817113909181034,271.34857142857146
2025-11-18,269.99,270.71,265.32,267.44,45677278,AAPL,-7.477753682783028e-05,271.2014285714286
2025-11-19,265.525,272.21,265.5,268.56,40424492,AAPL,0.004187855219862424,271.07714285714286
2025-11-20,270.83,275.43,265.92,266.25,45823568,AAPL,-0.008601429848078657,269.7914285714286
2025-11-21,265.95,273.33,265.67,271.49,59030832,AAPL,0.019680751173708932,269.50857142857143
2025-11-24,270.9,277.0,270.9,275.92,65585796,AAPL,0.01631735975542381,269.93285714285713
2025-11-25,275.27,280.38,275.25,276.97,46914220,AAPL,0.003805450855320469,270.5842857142857
2025-11-26,276.96,279.53,276.63,277.55,33431423,AAPL,0.002094089612593386,272.0257142857143
2025-11-28,277.26,279.0,275.9865,278.85,20135620,AAPL,0.004683840749414525,273.6557142857143
2025-12-01,278.01,283.42,276.14,283.1,46587722,AAPL,0.01524116908732287,275.73285714285714
2025-12-02,283.0,287.4,282.6301,286.19,53669532,AAPL,0.010914871070293097,278.5814285714286
2025-12-03,286.2,288.62,283.3,284.15,43538687,AAPL,-0.007128131660784853,280.39
2025-12-04,284.095,284.73,278.59,280.7,43989056,AAPL,-0.012141474573288735,281.0728571428571
2025-12-05,280.54,281.14,278.05,278.78,47265845,AAPL,-0.006840042750267283,281.33142857142855
2025-12-08,278.13,279.6693,276.15,277.89,36406317,AAPL,-0.003192481526651747,281.38
2025-12-09,278.16,280.03,276.92,277.18,31753410,AAPL,-0.0025549677930115644,281.14142857142855
2025-12-10,277.75,279.75,276.44,278.78,33038318,AAPL,0.005772422252687592,280.5242857142857
2025-12-11,279.095,279.59,273.81,278.03,33247986,AAPL,-0.0026902934213358654,279.3585714285714
2025-12-12,277.9,279.22,276.82,278.28,39532887,AAPL,0.0008991835413445504,278.52
2025-12-15,280.15,280.15,272.84,274.11,50409078,AAPL,-0.014984907287623805,277.5785714285714
2025-12-16,272.82,275.5,271.79,274.61,37648628,AAPL,0.001824085221261429,276.98285714285714
2025-12-17,275.01,276.16,271.64,271.84,50138743,AAPL,-0.010087032518845018,276.11857142857144
2025-12-18,273.605,273.63,266.95,272.19,51630721,AAPL,0.0012875220718069347,275.4057142857143
2025-12-19,272.145,274.6,269.9,273.67,144632048,AAPL,0.0054373783019214805,274.67571428571426
2025-12-22,272.86,273.88,270.505,270.97,36571827,AAPL,-0.00986589688310735,273.66714285714284
2025-12-23,270.84,272.5,269.56,272.36,29641999,AAPL,0.005129719157102253,272.82142857142856
2025-12-24,272.34,275.43,272.195,273.81,17910574,AAPL,0.005323836099280221,272.7785714285714
2025-12-26,274.16,275.37,272.86,273.4,21521802,AAPL,-0.0014973887001936692,272.6057142857143
2025-12-29,272.69,274.36,272.35,273.76,23715213,AAPL,0.0013167520117045584,272.88
2025-12-30,272.81,274.08,272.28,273.08,22139617,AAPL,-0.002483927527761609,273.00714285714287
2025-12-31,273.06,273.68,271.75,271.86,27293639,AAPL,-0.004467555295151526,272.74857142857144
2026-01-02,272.255,277.84,269.0,271.01,37838054,AAPL,-0.003126609284190507,272.7542857142857
2026-01-05,270.64,271.51,266.14,267.26,45647190,AAPL,-0.01383712778126267,272.0257142857143
2026-01-06,267.0,267.55,262.12,262.36,52352090,AAPL,-0.018334206390780428,270.39
2026-01-07,263.2,263.68,259.81,260.33,48309804,AAPL,-0.007737459978655381,268.5228571428571
2026-01-08,257.02,259.29,255.7,259.04,50419337,AAPL,-0.004955249106902593,266.42
2026-01-09,259.075,260.21,256.22,259.37,39996967,AAPL,0.0012739345274861424,264.4614285714286
2026-01-12,259.16,261.3,256.8,260.25,45263767,AAPL,0.0033928364884141526,262.80285714285714
2026-01-13,258.72,261.81,258.39,261.05,45730847,AAPL,0.00307396733909715,261.38
2026-01-14,259.49,261.82,256.71,259.96,40019421,AAPL,-0.0041754453169892125,260.33714285714285
2026-01-15,260.65,261.04,257.05,258.21,39388564,AAPL,-0.006731804893060467,259.7442857142857
2026-01-16,257.9,258.9,254.93,255.53,72142773,AAPL,-0.010379148754889322,259.05857142857144
2026-01-20,252.73,254.79,243.42,246.7,77280987,AAPL,-0.03455562947599111,257.29571428571427
2026-01-21,248.7,251.56,245.18,247.65,54641725,AAPL,0.0038508309687881326,255.62142857142857
2026-01-22,249.2,251.0,248.15,248.35,39708340,AAPL,0.0028265697557035008,253.92142857142855
2026-01-23,247.32,249.41,244.68,248.04,41688982,AAPL,-0.0012482383732635993,252.06285714285715
2026-01-26,251.48,256.56,249.8,255.41,55969234,AAPL,0.029712949524270282,251.41285714285712
2026-01-27,259.17,261.95,258.21,258.27,48787855,AAPL,0.011197682158098576,251.42142857142855
2026-01-28,257.65,258.855,254.51,256.44,41287971,AAPL,-0.0070856080845626,251.55142857142854
2026-01-29,258.0,259.65,254.41,258.28,67253009,AAPL,0.007175167680548933,253.2057142857143
2026-01-30,255.165,261.8999,252.18,259.48,92443408,AAPL,0.004646120489391503,254.8957142857143
2026-02-02,260.03,270.49,259.205,270.01,73913425,AAPL,0.040581162324649256,257.99
2026-02-03,269.2,271.875,267.61,269.48,63799388,AAPL,-0.0019628902633235246,261.05285714285714
2026-02-04,272.285,278.95,272.285,276.49,90545710,AAPL,0.026013062193854797,264.06428571428575
2026-02-05,278.13,279.5,273.23,275.91,52977441,AAPL,-0.0020977250533472658,266.5842857142857
2026-02-06,277.12,280.905,276.925,278.12,50453414,AAPL,0.00800985828712264,269.68142857142857
2026-02-09,277.905,278.2,271.7,274.62,44623396,AAPL,-0.01258449590104993,272.0157142857143
2026-02-10,274.885,275.37,272.94,273.68,34376898,AAPL,-0.0034229116597480624,274.0442857142857
2026-02-11,274.695,280.18,274.45,275.5,51931283,AAPL,0.006650102309266215,274.8285714285714
2026-02-12,275.59,275.72,260.18,261.73,81077229,AAPL,-0.04998185117967324,273.7214285714286
2026-02-13,262.01,262.23,255.45,255.78,56290673,AAPL,-0.022733351163412796,270.7628571428571
2026-02-17,258.05,266.29,255.54,263.88,58469094,AAPL,0.03166783954961283,269.0442857142857
2026-02-18,263.6,266.82,262.45,264.35,34203337,AAPL,0.0017811126269517974,267.07714285714286
2026-02-19,262.6,264.48,260.05,260.58,30845294,AAPL,-0.01426139587667874,265.0714285714286
2026-02-20,258.97,264.75,258.16,264.58,42070499,AAPL,0.015350372246526911,263.7714285714286
2026-02-23,263.49,269.43,263.381,266.18,37308155,AAPL,0.0060473202812005855,262.44
2026-02-24,267.86,274.89,267.71,272.14,47014619,AAPL,0.022390863325569166,263.9271428571429
2026-02-25,271.78,274.94,271.05,274.23,33714342,AAPL,0.007679870654810239,266.5628571428571
2026-02-26,274.945,276.11,270.795,272.95,32345114,AAPL,-0.00466761477591815,267.85857142857145
2026-02-27,272.81,272.81,262.89,264.18,72366505,AAPL,-0.03213042681809852,267.8342857142857
2026-03-02,262.41,266.53,260.2,264.72,41827946,AAPL,0.002044060867590458,268.42571428571426
2026-03-03,263.48,265.56,260.13,263.75,38568921,AAPL,-0.0036642490178302456,268.3071428571429
2026-03-04,264.65,266.15,261.42,262.52,39803119,AAPL,-0.004663507109004761,267.7842857142857
2026-03-05,260.79,261.555,257.25,260.29,49658626,AAPL,-0.00849459088831317,266.0914285714286
2025-10-10,226.21,228.25,216.0,216.37,72367511,AMZN,,
2025-10-13,217.7,220.68,217.04,220.07,37809650,AMZN,0.017100337385034914,
2025-10-14,215.555,219.32,212.6,216.39,45665580,AMZN,-0.01672195210614813,
2025-10-15,216.62,217.71,212.66,215.57,45909469,AMZN,-0.0037894542261657227,
2025-10-16,215.67,218.59,212.8101,214.47,42414591,AMZN,-0.00510275084659273,
2025-10-17,214.56,214.8,211.03,213.04,45986944,AMZN,-0.0066675991980230664,
2025-10-20,213.88,216.69,213.59,216.48,38882819,AMZN,0.016147202403304473,216.05571428571426
2025-10-21,218.43,223.32,217.99,222.03,50494565,AMZN,0.025637472283813745,216.86428571428573
2025-10-22,219.3,220.005,216.52,217.95,44308538,AMZN,-0.018375895149304156,216.56142857142854
2025-10-23,219.0,221.3,218.18,221.09,31539999,AMZN,0.014406974076623058,217.23285714285717
2025-10-24,221.97,225.4,221.9,224.21,38685053,AMZN,0.014111900131168253,218.46714285714285
2025-10-27,227.66,228.4,225.54,226.97,38266995,AMZN,0.012309888051380335,220.25285714285715
2025-10-28,228.215,231.485,226.21,229.25,47100026,AMZN,0.01004538044675507,222.56857142857143
2025-10-29,231.672,232.82,227.76,230.3,52036151,AMZN,0.004580152671755711,224.54285714285717
2025-10-30,227.06,228.44,222.75,222.86,102252937,AMZN,-0.03230568823273994,224.66142857142856
2025-10-31,250.1,250.5,243.98,244.22,166340808,AMZN,0.09584492506506326,228.41428571428574
2025-11-03,255.36,258.6,252.9,254.0,95997816,AMZN,0.040045860289902535,233.1157142857143
2025-11-04,250.38,257.01,248.66,249.32,51546311,AMZN,-0.018425196850393677,236.7028571428571
2025-11-05,249.03,251.0,246.16,250.2,39234469,AMZN,0.003529600513396458,240.02142857142857
2025-11-06,249.155,250.38,242.17,243.04,46004203,AMZN,-0.02861710631494807,241.99142857142857
2025-11-07,242.9,244.9,238.49,244.41,46374294,AMZN,0.005636932192231825,244.00714285714284
2025-11-10,248.34,251.75,245.59,248.4,36476514,AMZN,0.016325027617527965,247.65571428571428
2025-11-11,248.41,249.7499,247.23,249.1,23564060,AMZN,0.0028180354267310914,248.35285714285715
2025-11-12,250.235,250.37,243.75,244.2,31190063,AMZN,-0.01967081493376155,246.95285714285714
2025-11-13,243.05,243.75,236.5,237.58,41401738,AMZN,-0.027108927108926983,245.2757142857143
2025-11-14,235.06,238.73,232.89,234.69,38956669,AMZN,-0.012164323596262405,243.06
2025-11-17,233.25,234.6,229.19,232.87,59919018,AMZN,-0.007754910733307696,241.60714285714286
2025-11-18,228.1,230.2,222.42,222.55,60608442,AMZN,-0.04431657147764845,238.4842857142857
2025-11-19,223.735,223.735,218.52,222.69,58335643,AMZN,0.0006290721186250625,234.8114285714286
2025-11-20,227.05,227.41,216.74,217.14,50308962,AMZN,-0.0249225380573892,230.24571428571429
2025-11-21,216.345,222.21,215.18,220.69,68490464,AMZN,0.016348899327622846,226.88714285714283
2025-11-24,222.555,227.33,222.27,226.28,54318395,AMZN,0.025329647922425202,225.27285714285713
2025-11-25,226.38,230.52,223.8,229.67,39379339,AMZN,0.01498143892522541,224.55571428571426
2025-11-26,230.74,231.7474,228.77,229.16,38497922,AMZN,-0.0022205773501109416,224.0257142857143
2025-11-28,231.24,233.285,230.22,233.22,20292329,AMZN,0.017716879036481004,225.55
2025-12-01,233.22,235.797,232.25,233.88,42903954,AMZN,0.0028299459737586297,227.14857142857142
2025-12-02,235.005,238.97,233.55,234.42,45785363,AMZN,0.002308876346844402,229.61714285714285
2025-12-03,233.35,233.38,230.61,232.38,35495058,AMZN,-0.008702329152802668,231.28714285714287
2025-12-04,232.77,233.5,226.8,229.11,45683224,AMZN,-0.014071778982700622,231.6914285714286
2025-12-05,230.32,231.24,228.547,229.53,33117377,AMZN,0.0018331805682858526,231.67142857142858
2025-12-08,229.59,230.83,226.27,226.89,34681553,AMZN,-0.011501764475232101,231.34714285714284
2025-12-09,226.84,228.57,225.11,227.92,25712299,AMZN,0.004539644761778927,230.58999999999997
2025-12-10,228.805,232.42,228.46,231.78,38790736,AMZN,0.016935766935767038,230.29
2025-12-11,230.71,232.11,228.6901,230.28,28249599,AMZN,-0.006471654154801998,229.6985714285714
2025-12-12,229.87,230.08,225.12,226.19,35639118,AMZN,-0.01776098662497827,228.81428571428572
2025-12-15,227.93,227.93,221.5,222.54,47286085,AMZN,-0.01613687607763392,227.87571428571428
2025-12-16,223.035,223.66,221.1304,222.56,39298857,AMZN,8.987148377825882e-05,226.87999999999997
2025-12-17,224.655,225.19,220.99,221.27,44034418,AMZN,-0.005796189791516859,226.07714285714286
2025-12-18,225.705,229.225,224.41,226.76,50272419,AMZN,0.024811316491164526,225.9114285714286
2025-12-19,226.76,229.125,225.58,227.35,85544374,AMZN,0.0026018698183101208,225.27857142857144
2025-12-22,228.61,229.48,226.71,228.43,32261329,AMZN,0.004750384869144586,225.01428571428573
2025-12-23,229.055,232.445,228.73,232.14,29230233,AMZN,0.016241299303944245,225.8642857142857
2025-12-24,232.13,232.95,231.33,232.38,11420543,AMZN,0.0010338588782632385,227.27
2025-12-26,232.035,232.99,231.18,232.52,15994726,AMZN,0.0006024614854980292,228.69285714285715
2025-12-29,231.94,232.6,230.77,232.07,19797909,AMZN,-0.001935317392052327,230.23571428571427
2025-12-30,231.205,232.77,230.2,232.53,21910453,AMZN,0.001982160555004997,231.05999999999997
2025-12-31,232.905,232.99,230.12,230.82,24383749,AMZN,-0.007353889820668313,231.55571428571426
2026-01-02,231.34,235.458,224.7,226.5,51456229,AMZN,-0.018715882505848658,231.27999999999997
2026-01-05,228.84,234.0,227.18,233.06,49733348,AMZN,0.028962472406180995,231.4114285714286
2026-01-06,232.1,243.18,232.07,240.93,53764677,AMZN,0.03376812837895815,232.63285714285712
2026-01-07,239.61,245.29,239.52,241.56,42236531,AMZN,0.0026148673888681806,233.92428571428573
2026-01-08,243.06,246.41,241.88,246.29,39509844,AMZN,0.01958105646630237,235.9557142857143
2026-01-09,244.568,247.86,242.24,247.38,34559961,AMZN,0.00442567704738317,238.07714285714286
2026-01-12,246.73,248.94,245.96,246.47,35867770,AMZN,-0.0036785512167515355,240.31285714285715
2026-01-13,246.53,247.66,240.25,242.6,38371778,AMZN,-0.015701708118635138,242.61285714285714
2026-01-14,241.15,241.28,236.22,236.65,41410578,AMZN,-0.024525968672712284,243.12571428571428
2026-01-15,239.31,240.65,236.63,238.18,43003571,AMZN,0.006465244031269801,242.73285714285717
2026-01-16,239.085,239.57,236.41,239.12,45888283,AMZN,0.003946595012175758,242.38428571428568
2026-01-20,233.76,235.09,229.34,231.0,46959464,AMZN,-0.03395784543325531,240.2
2026-01-21,231.085,232.3,226.88,231.31,47276090,AMZN,0.001341991341991422,237.90428571428575
2026-01-22,234.05,235.72,230.9,234.34,31913325,AMZN,0.013099303964376752,236.17142857142858
2026-01-23,234.955,240.45,234.57,239.16,33778478,AMZN,0.020568404881795566,235.68
2026-01-26,239.98,240.95,237.54,238.42,32825530,AMZN,-0.003094162903495623,235.93285714285713
2026-01-27,239.685,244.88,238.08,244.68,37815946,AMZN,0.02625618656153006,236.86142857142858
2026-01-28,246.365,247.775,241.53,243.01,40882657,AMZN,-0.006825241131273585,237.41714285714286
2026-01-29,242.82,243.0,236.742,241.73,47229643,AMZN,-0.005267272951730351,238.95000000000002
2026-01-30,239.89,243.315,237.64,239.3,46585024,AMZN,-0.010052537955570151,240.09142857142857
2026-02-02,238.31,245.6299,238.17,242.96,37546102,AMZN,0.015294609277058058,241.32285714285715
2026-02-03,244.975,246.35,235.45,238.62,50478573,AMZN,-0.017863022719789234,241.24571428571426
2026-02-04,238.86,238.86,231.82,232.99,51299947,AMZN,-0.023593998826586193,240.47
2026-02-05,224.91,226.31,220.38,222.69,103509230,AMZN,-0.044207905918709045,237.32857142857142
2026-02-06,202.7,211.44,200.31,210.32,179210851,AMZN,-0.0555480713098927,232.65857142857143
2026-02-09,208.97,212.81,203.35,208.72,91178443,AMZN,-0.007607455306199995,227.94285714285712
2026-02-10,208.795,212.6499,206.411,206.96,67175031,AMZN,-0.008432349559218011,223.32285714285715
2026-02-11,208.06,208.57,202.49,204.08,65545455,AMZN,-0.013915732508697265,217.76857142857145
2026-02-12,203.96,203.96,197.56,199.6,83975393,AMZN,-0.021952175617405034,212.19428571428574
2026-02-13,198.88,201.16,197.275,198.79,66321593,AMZN,-0.004058116232464992,207.3085714285714
2026-02-17,198.125,201.7362,196.0,201.15,69879200,AMZN,0.011871824538457698,204.23142857142858
2026-02-18,202.07,206.86,201.51,204.79,51003299,AMZN,0.018095948297290443,203.4414285714286
2026-02-19,203.8,205.6396,202.81,204.86,35669611,AMZN,0.0003418135651156451,202.89000000000001
2026-02-20,204.76,211.17,203.75,210.11,65881611,AMZN,0.025627257639363465,203.34
2026-02-23,208.095,208.43,203.11,205.27,53581508,AMZN,-0.023035552805673265,203.51
2026-02-24,205.47,210.36,203.25,208.56,41137162,AMZN,0.016027670872509336,204.79
2026-02-25,210.46,211.59,208.93,210.64,41346376,AMZN,0.009973149213655441,206.48285714285717
2026-02-26,210.73,211.05,205.345,207.92,47756765,AMZN,-0.012913026965438612,207.45
2026-02-27,206.83,210.33,205.2,210.0,57422777,AMZN,0.010003847633705432,208.1942857142857
2026-03-02,204.55,209.73,203.46,208.39,46001010,AMZN,-0.0076666666666667105,208.69857142857146
2026-03-03,203.1,209.178,202.48,208.73,43184918,AMZN,0.0016315562167090736,208.50142857142856
2026-03-04,210.47,217.54,210.15,216.82,54731101,AMZN,0.03875820437886257,210.15142857142857
2026-03-05,215.98,220.47,215.59,218.94,60943447,AMZN,0.0097776957845217,211.6342857142857
2025-10-10,519.64,523.58,509.63,510.96,24133840,MSFT,,
2025-10-10,519.64,523.58,509.63,510.96,24133840,MSFT,0.0,
2025-10-13,516.41,516.41,511.68,514.05,14284238,MSFT,0.006047440112728841,
2025-10-13,516.41,516.41,511.68,514.05,14284238,MSFT,0.0,
2025-10-14,510.225,515.282,506.0,513.57,14684300,MSFT,-0.0009337613072656348,
2025-10-14,510.225,515.282,506.0,513.57,14684300,MSFT,0.0,
2025-10-15,514.955,517.19,510.0,513.43,14694654,MSFT,-0.00027260159277231466,512.9414285714286
2025-10-15,514.955,517.19,510.0,513.43,14694654,MSFT,0.0,513.2942857142857
2025-10-16,512.58,516.85,508.13,511.61,15559565,MSFT,-0.0035447870206258836,513.3871428571429
2025-10-16,512.58,516.85,508.13,511.61,15559565,MSFT,0.0,513.0385714285715
2025-10-17,509.04,515.48,507.31,513.58,19867765,MSFT,0.0038505893160807325,512.9714285714286
2025-10-17,509.04,515.48,507.31,513.58,19867765,MSFT,0.0,512.9728571428572
2025-10-20,514.61,518.7,513.43,516.79,14665620,MSFT,0.0062502433895399445,513.4328571428572
2025-10-20,514.61,518.7,513.43,516.79,14665620,MSFT,0.0,513.9128571428572
2025-10-21,517.5,518.69,513.04,517.66,15586204,MSFT,0.0016834691073743802,514.5171428571429
2025-10-21,517.5,518.69,513.04,517.66,15586204,MSFT,0.0,515.3814285714286
2025-10-22,521.15,525.23,517.71,520.54,18962694,MSFT,0.005563497276204421,516.6571428571428
2025-10-22,521.15,525.23,517.71,520.54,18962694,MSFT,0.0,517.6514285714285
2025-10-23,522.46,523.95,518.61,520.56,14023532,MSFT,3.842163906697671e-05,518.6485714285714
2025-10-23,522.46,523.95,518.61,520.56,14023532,MSFT,0.0,519.1871428571428
2025-10-24,522.79,525.345,520.71,523.61,15532360,MSFT,0.005859074842477385,520.1614285714285
2025-10-24,522.79,525.345,520.71,523.61,15532360,MSFT,0.0,521.0114285714286
2025-10-27,531.78,534.58,529.01,531.52,18734716,MSFT,0.015106663356314831,522.9914285714286
2025-10-27,531.78,534.58,529.01,531.52,18734716,MSFT,0.0,524.5600000000001
2025-10-28,550.0,553.72,540.77,542.07,29986683,MSFT,0.01984873570138479,527.6357142857142
2025-10-28,550.0,553.72,540.77,542.07,29986683,MSFT,0.0,530.7085714285714
2025-10-29,544.94,546.27,536.7287,541.55,36023004,MSFT,-0.0009592857011089251,533.7071428571429
2025-10-29,544.94,546.27,536.7287,541.55,36023004,MSFT,0.0,536.27
2025-10-30,530.48,534.97,522.12,525.76,41023088,MSFT,-0.02915704921059914,536.5771428571428
2025-10-30,530.48,534.97,522.12,525.76,41023088,MSFT,0.0,535.7542857142856
2025-10-31,528.875,529.32,515.1,517.81,34006424,MSFT,-0.01512096774193561,533.7957142857142
2025-10-31,528.875,529.32,515.1,517.81,34006424,MSFT,0.0,530.33
2025-11-03,519.805,524.96,514.59,517.03,22374742,MSFT,-0.0015063440258009653,526.7528571428571
2025-11-03,519.805,524.96,514.59,517.03,22374742,MSFT,0.0,523.2499999999999
2025-11-04,511.76,515.55,507.84,514.33,20958663,MSFT,-0.005222134112140342,519.3614285714285
2025-11-04,511.76,515.55,507.84,514.33,20958663,MSFT,0.0,517.7285714285714
2025-11-05,513.3,514.83,506.575,507.16,22883851,MSFT,-0.013940466237629567,515.0714285714286
2025-11-05,513.3,514.83,506.575,507.16,22883851,MSFT,0.0,513.5500000000001
2025-11-06,505.66,505.7,495.81,497.1,27406496,MSFT,-0.019835949207350767,510.5914285714286
2025-11-06,505.66,505.7,495.81,497.1,27406496,MSFT,0.0,507.7442857142857
2025-11-07,496.945,499.377,493.25,496.82,24019764,MSFT,-0.0005632669483002228,504.85714285714295
2025-11-07,496.945,499.377,493.25,496.82,24019764,MSFT,0.0,502.35571428571427
2025-11-10,500.035,506.85,498.8,506.0,26101480,MSFT,0.018477517008171906,501.1657142857143
2025-11-10,500.035,506.85,498.8,506.0,26101480,MSFT,0.0,501.0
2025-11-11,504.8,509.6,502.3488,508.68,17980020,MSFT,0.005296442687747094,501.2171428571429
2025-11-11,504.8,509.6,502.3488,508.68,17980020,MSFT,0.0,502.87142857142857
2025-11-12,509.355,511.67,499.1201,511.14,26574851,MSFT,0.004836046237320035,504.8771428571428
2025-11-12,509.355,511.67,499.1201,511.14,26574851,MSFT,0.0,506.92285714285714
2025-11-13,510.31,513.5,501.29,503.29,25273114,MSFT,-0.015357827601048535,507.8471428571429
2025-11-13,510.31,513.5,501.29,503.29,25273114,MSFT,0.0,507.46000000000004
2025-11-14,498.23,511.6,497.44,510.18,28505746,MSFT,0.013689920324266192,508.0571428571429
2025-11-14,498.23,511.6,497.44,510.18,28505746,MSFT,0.0,508.27142857142854
2025-11-17,508.45,512.12,504.91,507.49,19092752,MSFT,-0.005272648869026564,508.1014285714286
2025-11-17,508.45,512.12,504.91,507.49,19092752,MSFT,0.0,507.58000000000004
2025-11-18,495.365,502.98,486.78,493.79,33815114,MSFT,-0.02699560582474525,505.1014285714286
2025-11-18,495.365,502.98,486.78,493.79,33815114,MSFT,0.0,503.7442857142857
2025-11-19,490.1,495.1872,482.83,487.12,23245314,MSFT,-0.013507766459426085,501.4342857142857
2025-11-19,490.1,495.1872,482.83,487.12,23245314,MSFT,0.0,498.14
2025-11-20,492.71,493.57,475.5,478.43,26802542,MSFT,-0.017839546723599886,493.60428571428577
2025-11-20,492.71,493.57,475.5,478.43,26802542,MSFT,0.0,489.45285714285717
2025-11-21,478.5,478.92,468.27,472.12,31769248,MSFT,-0.013188972263445065,484.40000000000003
2025-11-21,478.5,478.92,468.27,472.12,31769248,MSFT,0.0,481.30428571428575
2025-11-24,475.0,476.9,468.02,474.0,34421046,MSFT,0.003982038464797055,478.4771428571429
2025-11-24,475.0,476.9,468.02,474.0,34421046,MSFT,0.0,476.6028571428572
2025-11-25,474.07,479.15,464.89,476.99,28019793,MSFT,0.006308016877637046,475.1557142857143
2025-11-25,474.07,479.15,464.89,476.99,28019793,MSFT,0.0,474.94999999999993
2025-11-26,486.31,488.31,481.2,485.5,25709079,MSFT,0.01784104488563698,475.96000000000004
2025-11-26,486.31,488.31,481.2,485.5,25709079,MSFT,0.0,477.8714285714286
2025-11-28,487.595,492.63,486.65,492.01,14386730,MSFT,0.013408856848609707,480.71285714285716
2025-11-28,487.595,492.63,486.65,492.01,14386730,MSFT,0.0,483.2857142857143
2025-12-01,488.435,489.8599,484.6475,486.74,23963993,MSFT,-0.010711164407227414,485.10571428571427
2025-12-01,488.435,489.8599,484.6475,486.74,23963993,MSFT,0.0,486.4985714285714
2025-12-02,486.715,493.4999,486.32,490.0,19562722,MSFT,0.006697620906438662,488.35714285714283
2025-12-02,486.715,493.4999,486.32,490.0,19562722,MSFT,0.0,489.0
2025-12-03,476.32,484.24,475.2,477.73,34615102,MSFT,-0.025040816326530546,487.89000000000004
2025-12-03,476.32,484.24,475.2,477.73,34615102,MSFT,0.0,485.84999999999997
2025-12-04,479.76,481.322,476.49,480.84,22318155,MSFT,0.00650995332091342,484.2542857142857
2025-12-04,479.76,481.322,476.49,480.84,22318155,MSFT,0.0,483.4114285714286
2025-12-05,482.515,483.4,478.8801,483.16,22608710,MSFT,0.004824889776225083,482.90000000000003
2025-12-05,482.515,483.4,478.8801,483.16,22608710,MSFT,0.0,481.92285714285714
2025-12-08,484.885,492.3,484.38,491.02,20668450,MSFT,0.016267902972100234,482.0685714285715
2025-12-08,484.885,492.3,484.38,491.02,20668450,MSFT,0.0,483.9671428571428
2025-12-09,489.1,492.12,488.5001,492.02,14092776,MSFT,0.002036576921510269,486.0085714285715
2025-12-09,489.1,492.12,488.5001,492.02,14092776,MSFT,0.0,487.60571428571427
2025-12-10,484.03,484.25,475.08,478.56,35756229,MSFT,-0.02735661151985691,487.28000000000003
2025-12-10,484.03,484.25,475.08,478.56,35756229,MSFT,0.0,486.6228571428572
2025-12-11,476.63,486.03,475.86,483.47,24669180,MSFT,0.010259946506185225,486.6671428571428
2025-12-11,476.63,486.03,475.86,483.47,24669180,MSFT,0.0,485.5885714285714
2025-12-12,479.82,482.45,476.34,478.53,21248102,MSFT,-0.010217800484001227,483.80428571428575
2025-12-12,479.82,482.45,476.34,478.53,21248102,MSFT,0.0,481.8771428571428
2025-12-15,480.1,480.7205,472.52,474.82,23727694,MSFT,-0.007752909953398945,479.41999999999996
2025-12-15,480.1,480.7205,472.52,474.82,23727694,MSFT,0.0,478.88571428571424
2025-12-16,471.905,477.89,470.88,476.39,20705560,MSFT,0.003306516153489758,478.57571428571424
2025-12-16,471.905,477.89,470.88,476.39,20705560,MSFT,0.0,477.5642857142857
2025-12-17,476.905,480.0,475.0,476.12,24527176,MSFT,-0.000566762526501341,476.5142857142857
2025-12-17,476.905,480.0,475.0,476.12,24527176,MSFT,0.0,476.17
2025-12-18,478.19,489.6,477.89,483.98,28573545,MSFT,0.01650844324960099,476.9485714285714
2025-12-18,478.19,489.6,477.89,483.98,28573545,MSFT,0.0,478.25714285714287
2025-12-19,487.36,487.85,482.49,485.92,70836105,MSFT,0.004008430100417293,479.84285714285716
2025-12-19,487.36,487.85,482.49,485.92,70836105,MSFT,0.0,481.20428571428573
2025-12-22,486.12,488.73,482.69,484.92,16963019,MSFT,-0.002057951926243029,482.42285714285714
2025-12-22,486.12,488.73,482.69,484.92,16963019,MSFT,0.0,483.68
2025-12-23,484.98,487.83,484.74,486.85,14683582,MSFT,0.00398003794440327,485.21285714285716
2025-12-23,484.98,487.83,484.74,486.85,14683582,MSFT,0.0,485.6228571428572
2025-12-24,485.68,489.1625,484.83,488.02,5855880,MSFT,0.0024032042723629576,486.2
2025-12-24,485.68,489.1625,484.83,488.02,5855880,MSFT,0.0,486.5
2025-12-26,486.705,488.12,485.96,487.71,8842175,MSFT,-0.0006352198680381616,486.7557142857143
2025-12-26,486.705,488.12,485.96,487.71,8842175,MSFT,0.0,487.1542857142857
2025-12-29,484.855,488.35,484.18,487.1,10893408,MSFT,-0.0012507432695658682,487.4657142857142
2025-12-29,484.855,488.35,484.18,487.1,10893408,MSFT,0.0,487.50142857142856
2025-12-30,485.93,489.68,485.5,487.48,13944512,MSFT,0.0007801272839251805,487.59142857142854
2025-12-30,485.93,489.68,485.5,487.48,13944512,MSFT,0.0,487.5142857142857
2025-12-31,487.84,488.14,483.3,483.62,15601554,MSFT,-0.007918273570197809,486.88571428571424
2025-12-31,487.84,488.14,483.3,483.62,15601554,MSFT,0.0,486.3014285714286
2026-01-02,484.385,484.66,470.16,472.94,25571567,MSFT,-0.022083453951449505,484.1914285714286
2026-01-02,484.385,484.66,470.16,472.94,25571567,MSFT,0.0,482.16857142857145
2026-01-05,474.055,476.07,469.5,472.85,25250260,MSFT,-0.0001902989808432176,480.1328571428572
2026-01-05,474.055,476.07,469.5,472.85,25250260,MSFT,0.0,478.04285714285714
2026-01-06,473.8,478.7367,469.75,478.51,23037665,MSFT,0.011969969334884034,476.76142857142855
2026-01-06,473.8,478.7367,469.75,478.51,23037665,MSFT,0.0,476.0314285714286
2026-01-07,479.755,489.7,477.95,483.47,25564196,MSFT,0.010365509602725309,476.00999999999993
2026-01-07,479.755,489.7,477.95,483.47,25564196,MSFT,0.0,477.5142857142857
2026-01-08,481.24,482.66,475.86,478.11,18162616,MSFT,-0.011086520363207675,478.2528571428571
2026-01-08,481.24,482.66,475.86,478.11,18162616,MSFT,0.0,479.0042857142857
2026-01-09,474.06,479.82,472.2001,479.28,18491036,MSFT,0.0024471355964108543,479.92285714285714
2026-01-09,474.06,479.82,472.2001,479.28,18491036,MSFT,0.0,480.0328571428571
2026-01-12,476.67,480.99,475.6803,477.18,23519895,MSFT,-0.004381572358537755,479.84285714285716
2026-01-12,476.67,480.99,475.6803,477.18,23519895,MSFT,0.0,478.94428571428574
2026-01-13,474.675,475.7799,465.95,470.67,28545800,MSFT,-0.013642650572111115,477.11571428571426
2026-01-13,474.675,475.7799,465.95,470.67,28545800,MSFT,0.0,476.05285714285714
2026-01-14,466.46,468.2,457.17,459.38,28184302,MSFT,-0.02398708224446011,473.3771428571429
2026-01-14,466.46,468.2,457.17,459.38,28184302,MSFT,0.0,470.53428571428566
2026-01-15,464.12,464.25,455.9,456.66,23225839,MSFT,-0.0059210239888545235,467.3028571428572
2026-01-15,464.12,464.25,455.9,456.66,23225839,MSFT,0.0,464.37142857142857
2026-01-16,457.83,463.19,456.48,459.86,34246650,MSFT,0.007007401567906024,461.8971428571429
2026-01-16,457.83,463.19,456.48,459.86,34246650,MSFT,0.0,460.3528571428572
2026-01-20,451.215,456.8,449.28,454.52,25973898,MSFT,-0.011612229809072394,458.0457142857143
2026-01-20,451.215,456.8,449.28,454.52,25973898,MSFT,0.0,457.3514285714286
2026-01-21,452.595,452.69,438.68,444.11,37980510,MSFT,-0.02290328258382468,455.16999999999996
2026-01-21,452.595,452.69,438.68,444.11,37980510,MSFT,0.0,453.3771428571428
2026-01-22,447.62,452.84,444.7,451.14,25349378,MSFT,0.015829411632253265,452.5885714285714
2026-01-22,447.62,452.84,444.7,451.14,25349378,MSFT,0.0,451.34285714285716
2026-01-23,451.87,471.1,450.53,465.95,38000159,MSFT,0.0328279469787649,452.2128571428571
2026-01-23,451.87,471.1,450.53,465.95,38000159,MSFT,0.0,453.8457142857143
2026-01-26,465.305,474.25,462.0,470.28,29291235,MSFT,0.009292842579675886,456.09714285714284
2026-01-26,465.305,474.25,462.0,470.28,29291235,MSFT,0.0,459.83571428571423
2026-01-27,473.7,482.87,473.16,480.58,29088664,MSFT,0.02190184570893927,465.0457142857143
2026-01-27,473.7,482.87,473.16,480.58,29088664,MSFT,0.0,469.2514285714286
2026-01-28,483.21,483.74,478.0,481.63,36875403,MSFT,0.002184859960880692,473.60714285714283
2026-01-28,483.21,483.74,478.0,481.63,36875403,MSFT,0.0,475.84714285714284
2026-01-29,439.99,442.5,421.02,433.5,128855323,MSFT,-0.09993148267342145,471.2114285714285
2026-01-29,439.99,442.5,421.02,433.5,128855323,MSFT,0.0,465.95714285714286
2026-01-30,439.17,439.6,426.45,430.29,58566819,MSFT,-0.007404844290657353,460.2442857142857
2026-01-30,439.17,439.6,426.45,430.29,58566819,MSFT,0.0,453.06
2026-02-02,430.235,430.736,422.25,423.37,42219858,MSFT,-0.016082177136349962,444.88714285714286
2026-02-02,430.235,430.736,422.25,423.37,42219858,MSFT,0.0,436.5642857142857
2026-02-03,422.01,422.05,408.56,411.21,60076532,MSFT,-0.028721921723315336,426.50428571428574
2026-02-03,422.01,422.05,408.56,411.21,60076532,MSFT,0.0,423.32000000000005
2026-02-04,411.0,419.8,409.24,414.19,45012374,MSFT,0.007246905474088683,420.5614285714286
2026-02-04,411.0,419.8,409.24,414.19,45012374,MSFT,0.0,418.26142857142855
2026-02-05,407.44,408.3,392.32,393.67,66289247,MSFT,-0.04954248050411647,413.03000000000003
2026-02-05,407.44,408.3,392.32,393.67,66289247,MSFT,0.0,408.78714285714284
2026-02-06,399.165,401.79,392.92,401.14,53515311,MSFT,0.018975283867198378,405.6114285714285
2026-02-06,399.165,401.79,392.92,401.14,53515311,MSFT,0.0,404.17285714285714
2026-02-09,404.85,414.89,400.87,413.6,45480526,MSFT,0.03106147479682919,404.5142857142857
2026-02-09,404.85,414.89,400.87,413.6,45480526,MSFT,0.0,404.42999999999995
2026-02-10,419.62,423.68,412.7,413.27,44857850,MSFT,-0.0007978723404256094,404.2985714285714
2026-02-10,419.62,423.68,412.7,413.27,44857850,MSFT,0.0,407.09857142857146
2026-02-11,416.175,416.46,401.01,404.37,42491012,MSFT,-0.021535557867737753,408.6271428571429
2026-02-11,416.175,416.46,401.01,404.37,42491012,MSFT,0.0,409.0885714285714
2026-02-12,405.0,406.2,398.01,401.84,40802362,MSFT,-0.006256646140910593,409.1885714285714
2026-02-12,405.0,406.2,398.01,401.84,40802362,MSFT,0.0,407.50857142857143
2026-02-13,404.45,405.54,398.05,401.32,34091553,MSFT,-0.0012940473820425291,405.75428571428574
2026-02-13,404.45,405.54,398.05,401.32,34091553,MSFT,0.0,404.04714285714283
2026-02-17,399.22,400.52,394.525,396.86,32078794,MSFT,-0.011113326024120407,401.70285714285717
2026-02-17,399.22,400.52,394.525,396.86,32078794,MSFT,0.0,400.63000000000005
2026-02-18,398.13,402.56,396.32,399.6,23223417,MSFT,0.0069041979539383735,399.9485714285714
2026-02-18,398.13,402.56,396.32,399.6,23223417,MSFT,0.0,399.62857142857143
2026-02-19,400.69,404.43,396.67,398.46,28234001,MSFT,-0.0028528528528529717,399.1457142857143
2026-02-19,400.69,404.43,396.67,398.46,28234001,MSFT,0.0,398.7371428571428
2026-02-20,396.11,400.1159,395.16,397.23,34015249,MSFT,-0.003086884505345444,398.15285714285716
2026-02-20,396.11,400.1159,395.16,397.23,34015249,MSFT,0.0,398.2057142857143
2026-02-23,395.0,395.36,383.1,384.47,43238273,MSFT,-0.03212244795206809,396.4357142857143
2026-02-23,395.0,395.36,383.1,384.47,43238273,MSFT,0.0,394.2742857142857
2026-02-24,384.14,389.36,381.71,389.0,33884653,MSFT,0.01178245376752396,392.76000000000005
2026-02-24,384.14,389.36,381.71,389.0,33884653,MSFT,0.0,391.40857142857146
2026-02-25,390.525,401.47,390.16,400.6,43625483,MSFT,0.029820051413881776,391.7142857142857
2026-02-25,390.525,401.47,390.16,400.6,43625483,MSFT,0.0,392.19571428571425
2026-02-26,404.71,407.49,398.74,401.72,34405869,MSFT,0.0027958062905641956,392.83714285714285
2026-02-26,404.71,407.49,398.74,401.72,34405869,MSFT,0.0,395.30142857142863
2026-02-27,390.88,396.82,389.88,392.74,51367196,MSFT,-0.02235387832321023,396.48285714285714
2026-02-27,390.88,396.82,389.88,392.74,51367196,MSFT,0.0,397.01714285714286
2026-03-02,392.855,401.19,390.63,398.55,35474907,MSFT,0.01479350206243324,398.38142857142856
2026-03-02,392.855,401.19,390.63,398.55,35474907,MSFT,0.0,398.08857142857147
2026-03-03,393.14,406.7,392.67,403.93,38199209,MSFT,0.01349893363442467,398.56428571428575
2026-03-03,393.14,406.7,392.67,403.93,38199209,MSFT,0.0,398.88
2026-03-04,401.265,411.0326,400.31,405.2,35807990,MSFT,0.003144109127819039,399.3771428571428
2026-03-04,401.265,411.0326,400.31,405.2,35807990,MSFT,0.0,401.15714285714284
2026-03-05,404.42,411.61,404.4,410.68,39001315,MSFT,0.013524185587364235,403.71999999999997
2026-03-05,404.42,411.61,404.4,410.68,39001315,MSFT,0.0,405.45285714285717
2025-10-10,193.505,195.62,182.05,183.16,268774359,NVDA,,
2025-10-13,187.965,190.1099,185.96,188.32,153482755,NVDA,0.0281720899759772,
2025-10-14,184.77,184.8,179.7,180.03,205641380,NVDA,-0.044020815632965116,
2025-10-15,184.8,184.87,177.29,179.83,214450482,NVDA,-0.0011109259567849694,
2025-10-16,182.23,183.28,179.77,181.81,179723309,NVDA,0.011010398709892621,
2025-10-17,180.18,184.1,179.75,183.22,173135217,NVDA,0.007755348990704514,
2025-10-20,183.13,185.2,181.73,182.64,128544711,NVDA,-0.0031655932758433147,182.71571428571428
2025-10-21,182.785,182.785,179.8,181.16,124240168,NVDA,-0.00810337275514672,182.43
2025-10-22,181.14,183.44,176.76,180.28,162249552,NVDA,-0.004857584455729702,181.28142857142856
2025-10-23,180.42,183.03,179.7901,182.16,111363718,NVDA,0.010428222764588435,181.58571428571426
2025-10-24,183.835,187.47,183.5,186.26,131296677,NVDA,0.022507685551163892,182.50428571428571
2025-10-27,189.99,192.0,188.4318,191.49,153452704,NVDA,0.028079029313862414,183.88714285714283
2025-10-28,193.05,203.15,191.91,201.03,297986180,NVDA,0.04981983393388689,186.43142857142857
2025-10-29,207.98,212.1899,204.775,207.04,308829564,NVDA,0.02989603541759922,189.91714285714286
2025-10-30,205.15,206.16,201.41,202.89,178864443,NVDA,-0.020044435857805243,193.02142857142854
2025-10-31,206.45,207.97,202.07,202.49,179802178,NVDA,-0.001971511656562508,196.1942857142857
2025-11-03,208.08,211.335,205.56,206.88,180267285,NVDA,0.021680082967060033,199.7257142857143
2025-11-04,203.0,203.9699,197.93,198.69,188919320,NVDA,-0.03958816705336421,201.50142857142856
2025-11-05,198.77,202.92,194.65,195.21,166849081,NVDA,-0.017514721425335944,202.03285714285715
2025-11-06,196.42,197.62,186.38,188.08,223029778,NVDA,-0.03652476819835049,200.18285714285713
2025-11-07,184.9,188.32,178.91,188.15,264942255,NVDA,0.00037218205019140527,197.4842857142857
2025-11-10,195.11,199.94,193.79,199.05,198897134,NVDA,0.05793250066436362,196.9357142857143
2025-11-11,195.155,195.42,191.3,193.16,176483327,NVDA,-0.029590555136900343,195.60285714285715
2025-11-12,195.72,195.89,191.13,193.8,154935263,NVDA,0.003313315386208382,193.7342857142857
2025-11-13,191.05,191.44,183.85,186.86,207423074,NVDA,-0.0358101135190918,192.04428571428573
2025-11-14,182.86,191.01,180.58,190.17,186591856,NVDA,0.017713796425131045,191.3242857142857
2025-11-17,185.965,189.0,184.32,186.6,173628858,NVDA,-0.018772677078403466,191.11285714285714
2025-11-18,183.375,184.8,179.65,181.36,213598877,NVDA,-0.02808145766345116,190.14285714285714
2025-11-19,184.79,187.855,182.8301,186.52,247246436,NVDA,0.02845169827966476,188.35285714285712
2025-11-20,195.95,196.0,179.85,180.64,343504849,NVDA,-0.031524769461720004,186.56428571428572
2025-11-21,181.235,184.56,172.93,178.88,346926153,NVDA,-0.009743135518157642,184.43285714285716
2025-11-24,179.49,183.5,176.48,182.55,256618335,NVDA,0.02051654740608244,183.81714285714287
2025-11-25,174.91,178.16,169.55,177.82,320600271,NVDA,-0.025910709394686537,182.05285714285716
2025-11-26,181.63,182.91,178.24,180.26,183852010,NVDA,0.013721741086492045,181.14714285714285
2025-11-28,179.01,179.29,176.5,177.0,121332776,NVDA,-0.018084988350160813,180.52428571428572
2025-12-01,174.76,180.3,173.68,179.92,188130955,NVDA,0.016497175141242826,179.5814285714286
2025-12-02,181.76,185.66,180.0,181.46,182632230,NVDA,0.008559359715429204,179.6985714285714
2025-12-03,181.08,182.45,179.1101,179.59,165138023,NVDA,-0.01030530144384445,179.79999999999998
2025-12-04,181.62,184.515,179.96,183.38,167364857,NVDA,0.021103624923436648,179.9185714285714
2025-12-05,183.89,184.66,180.91,182.41,143971098,NVDA,-0.005289562656778268,180.5742857142857
2025-12-08,182.64,188.0,182.4,185.55,191927261,NVDA,0.01721396853242707,181.32999999999998
2025-12-09,185.56,185.7167,183.32,184.97,142372621,NVDA,-0.0031258420910806883,182.46857142857144
2025-12-10,184.965,185.48,182.035,183.78,162785370,NVDA,-0.006433475698761959,183.01999999999998
2025-12-11,180.275,181.32,176.62,180.93,182136641,NVDA,-0.015507672216780954,182.9442857142857
2025-12-12,181.11,182.82,174.62,175.02,204274918,NVDA,-0.03266456640689763,182.29142857142855
2025-12-15,177.936,178.415,175.03,176.29,164775636,NVDA,0.0072563135641638965,181.27857142857144
2025-12-16,176.26,178.49,174.9,177.72,148588098,NVDA,0.008111634239037935,180.60857142857142
2025-12-17,176.1,176.13,170.31,170.94,222775464,NVDA,-0.038149898717083075,178.52142857142857
2025-12-18,174.53,176.15,171.82,174.14,176096001,NVDA,0.018720018720018716,176.9742857142857
2025-12-19,176.665,181.45,176.34,180.99,324925927,NVDA,0.03933616630297476,176.57571428571427
2025-12-22,183.92,184.16,182.35,183.69,129064369,NVDA,0.014917951268025753,176.97
2025-12-23,182.97,189.33,182.9,189.21,174873621,NVDA,0.03005062877674347,178.99714285714285
2025-12-24,187.94,188.91,186.59,188.61,65528545,NVDA,-0.0031710797526557366,180.7571428571429
2025-12-26,189.92,192.69,188.0,190.53,139740292,NVDA,0.010179735963098402,182.58714285714288
2025-12-29,187.71,188.755,185.91,188.22,120006103,NVDA,-0.012124074948826946,185.05571428571426
2025-12-30,188.24,188.99,186.93,187.54,97687274,NVDA,-0.0036127935394750788,186.97000000000003
2025-12-31,189.57,190.56,186.49,186.5,120100484,NVDA,-0.005545483630158832,187.7571428571429
2026-01-02,189.835,192.9299,188.26,188.85,148240462,NVDA,0.012600536193029477,188.49428571428572
2026-01-05,191.76,193.63,186.15,188.12,183529733,NVDA,-0.003865501720942466,188.3385714285714
2026-01-06,190.52,192.174,186.82,187.24,176862604,NVDA,-0.004677865192430297,188.14285714285714
2026-01-07,188.57,191.37,186.56,189.11,153543174,NVDA,0.00998718222602002,187.94
2026-01-08,189.11,189.55,183.71,185.04,172457048,NVDA,-0.021521865580878985,187.4857142857143
2026-01-09,185.08,186.34,183.6701,184.86,131327534,NVDA,-0.0009727626459142824,187.10285714285715
2026-01-12,183.22,187.12,183.02,184.94,137968453,NVDA,0.0004327599264306592,186.87999999999997
2026-01-13,184.995,188.1099,183.4,185.81,160128939,NVDA,0.004704228398399568,186.4457142857143
2026-01-14,184.32,184.46,180.8,183.14,159586135,NVDA,-0.014369517248802643,185.7342857142857
2026-01-15,186.5,189.7,186.33,187.05,206188642,NVDA,0.02134978704816004,185.70714285714286
2026-01-16,189.075,190.44,186.08,186.23,187967169,NVDA,-0.004383854584335878,185.29571428571427
2026-01-20,181.9,182.3786,177.61,178.07,218355781,NVDA,-0.04381678569510816,184.29999999999998
2026-01-21,179.05,185.379,178.4,183.32,200380959,NVDA,0.029482787667771015,184.07999999999998
2026-01-22,184.75,186.17,183.93,184.84,139636626,NVDA,0.008291512109971588,184.06571428571428
2026-01-23,187.5,189.6,186.8233,187.67,142748076,NVDA,0.015310538844405919,184.33142857142857
2026-01-26,187.16,189.12,185.99,186.47,124799649,NVDA,-0.006394202589651954,184.80714285714288
2026-01-27,187.24,190.0,185.7,188.52,138432307,NVDA,0.010993725532257193,185.0171428571429
2026-01-28,191.27,192.35,189.84,191.52,148552677,NVDA,0.01591343093570985,185.77285714285716
2026-01-29,191.34,193.48,186.06,192.51,171764375,NVDA,0.005169172932330657,187.83571428571432
2026-01-30,191.21,194.49,189.47,191.13,179489463,NVDA,-0.007168458781361964,188.95142857142855
2026-02-02,187.2,190.3,184.88,185.61,165794054,NVDA,-0.028880866425992635,189.0614285714286
2026-02-03,186.24,186.27,176.23,180.34,202006430,NVDA,-0.028392866763644276,188.0142857142857
2026-02-04,179.46,179.58,171.91,174.19,207014116,NVDA,-0.03410225130309419,186.26
2026-02-05,174.925,176.815,171.03,171.88,206312890,NVDA,-0.013261381250358806,183.88285714285712
2026-02-06,176.69,187.0,174.6,185.41,231346241,NVDA,0.07871771003025363,183.01
2026-02-09,184.26,193.66,183.95,190.04,196387351,NVDA,0.024971684375168612,182.65714285714284
2026-02-10,191.38,192.48,188.12,188.54,136764825,NVDA,-0.007893075142075379,182.28714285714287
2026-02-11,192.45,193.26,188.77,190.05,144192685,NVDA,0.00800891057600528,182.92142857142858
2026-02-12,193.03,193.61,186.51,186.94,189932491,NVDA,-0.01636411470665622,183.8642857142857
2026-02-13,187.475,187.5,181.59,182.81,161888021,NVDA,-0.022092650048143758,185.0957142857143
2026-02-17,181.75,187.15,179.18,184.97,162276860,NVDA,0.011815546195503401,186.96571428571426
2026-02-18,188.75,190.37,186.76,187.98,164749125,NVDA,0.016272909120397916,187.33285714285714
2026-02-19,187.055,188.43,185.66,187.9,126554526,NVDA,-0.0004255771890625537,187.02714285714288
2026-02-20,186.57,190.33,185.9378,189.82,178422337,NVDA,0.010218201170835384,187.21
2026-02-23,191.4,193.95,189.575,191.55,171584839,NVDA,0.009113897376461955,187.42428571428567
2026-02-24,191.49,193.77,187.4,192.85,175123602,NVDA,0.006786739754633064,188.26857142857145
2026-02-25,194.45,197.6299,193.79,195.56,250637102,NVDA,0.014052372310085604,190.08999999999997
2026-02-26,194.27,194.29,184.315,184.89,360807907,NVDA,-0.054561259971364406,190.07857142857142
2026-02-27,181.25,182.59,176.38,177.19,311636494,NVDA,-0.04164638433663248,188.53714285714287
2026-03-02,175.01,183.46,174.64,182.48,209095331,NVDA,0.029854957954737804,187.76285714285714
2026-03-03,178.49,180.9,176.92,180.05,178099430,NVDA,-0.013316527838667103,186.36714285714288
2026-03-04,180.44,184.7,180.06,183.04,177731198,NVDA,0.01660649819494564,185.15142857142857
2026-03-05,181.17,184.06,177.88,183.34,198779729,NVDA,0.0016389860139860435,183.79285714285714
2025-10-10,436.54,443.13,411.45,413.49,112107870,TSLA,,
2025-10-13,423.53,436.89,419.7,435.9,79552785,TSLA,0.05419719944859591,
2025-10-14,426.79,434.2,417.86,429.24,72669438,TSLA,-0.015278733654507826,
2025-10-15,434.9,440.51,426.3301,435.15,71558185,TSLA,0.013768521107072829,
2025-10-16,434.73,439.35,421.3101,428.75,77189889,TSLA,-0.01470757210157414,
2025-10-17,425.5,441.4558,423.6,439.31,89331578,TSLA,0.024629737609329405,
2025-10-20,443.865,449.8,440.61,447.43,63718971,TSLA,0.01848353099178257,432.7528571428571
2025-10-21,445.755,449.3,442.05,442.6,54412169,TSLA,-0.010794984690342568,436.91142857142853
2025-10-22,443.45,445.539,429.0,438.97,84023458,TSLA,-0.008201536375960217,437.35
2025-10-23,420.0,449.3999,413.9,448.98,126709833,TSLA,0.022803380641046145,440.17
2025-10-24,446.83,451.68,430.17,433.72,94727774,TSLA,-0.033988150919862736,439.9657142857142
2025-10-27,439.98,460.16,438.69,452.42,105867547,TSLA,0.043115373973992455,443.3471428571429
2025-10-28,454.775,467.0,451.6,460.55,80185667,TSLA,0.01797002785022772,446.38142857142856
2025-10-29,462.5,465.7,452.65,461.51,67983544,TSLA,0.0020844642275539282,448.39285714285717
2025-10-30,451.05,455.0607,439.61,440.1,72447938,TSLA,-0.04639119412363757,448.0357142857143
2025-10-31,446.75,458.0,443.6855,456.56,83135787,TSLA,0.03740059077482383,450.54857142857145
2025-11-03,455.99,474.07,453.8,468.37,84595244,TSLA,0.025867355878745446,453.31857142857143
2025-11-04,454.46,460.22,443.6,444.26,87756644,TSLA,-0.051476396865725804,454.82428571428574
2025-11-05,452.05,466.3299,440.71,462.07,84911911,TSLA,0.04008913699185168,456.20285714285717
2025-11-06,461.96,467.45,435.09,445.91,109622907,TSLA,-0.03497305603047152,454.1114285714285
2025-11-07,437.92,439.36,421.88,429.52,103471495,TSLA,-0.03675629611356557,449.5414285714286
2025-11-10,439.6,449.6715,433.36,445.23,76515907,TSLA,0.03657571242317004,450.27428571428567
2025-11-11,439.4,442.49,432.36,439.62,60533237,TSLA,-0.012600229095074522,447.8542857142857
2025-11-12,442.15,442.329,426.56,430.6,58513520,TSLA,-0.020517719848960447,442.4585714285714
2025-11-13,423.13,424.5,396.34,401.99,118948032,TSLA,-0.06644217371110084,436.42
2025-11-14,386.3,412.19,382.78,404.35,105506682,TSLA,0.005870792805791281,428.17428571428576
2025-11-17,398.74,423.96,398.74,408.92,102214259,TSLA,0.011302089773710833,422.89000000000004
2025-11-18,405.38,408.9,393.71,401.25,80688637,TSLA,-0.018756725031791044,418.8514285714286
2025-11-19,406.18,411.78,398.5,403.99,72047704,TSLA,0.006828660436137168,412.96000000000004
2025-11-20,414.63,428.94,394.74,395.23,113548827,TSLA,-0.02168370504220396,406.61857142857144
2025-11-21,402.32,402.8,383.76,391.09,100460633,TSLA,-0.010474913341598668,400.9742857142857
2025-11-24,402.17,421.72,401.09,417.78,96806374,TSLA,0.06824516096039268,403.23
2025-11-25,414.42,420.48,405.95,419.4,71915624,TSLA,0.0038776389487289453,405.38
2025-11-26,423.95,426.94,416.89,426.58,63462996,TSLA,0.017119694802098184,407.9028571428571
2025-11-28,426.59,432.93,426.2,430.17,36252861,TSLA,0.008415771953678153,412.03428571428566
2025-12-01,425.32,433.6599,425.29,430.14,57463552,TSLA,-6.97398702839136e-05,415.77
2025-12-02,430.81,436.8,422.12,429.24,69336626,TSLA,-0.0020923420281768745,420.62857142857143
2025-12-03,432.1,447.92,431.11,446.74,87482964,TSLA,0.040769732550554494,428.57857142857137
2025-12-04,449.94,454.63,445.39,454.53,71906488,TSLA,0.017437435644894084,433.8285714285715
2025-12-05,453.03,458.87,451.66,455.0,56427522,TSLA,0.0010340351571953565,438.9142857142857
2025-12-08,447.445,449.7463,435.25,439.58,68386756,TSLA,-0.033890109890109876,440.7714285714286
2025-12-09,437.54,452.39,435.7,445.17,62014951,TSLA,0.012716684107557219,442.9142857142857
2025-12-10,446.065,456.88,443.61,451.45,63257475,TSLA,0.014106970370869387,445.9585714285714
2025-12-11,448.945,449.2699,440.33,446.89,55979492,TSLA,-0.01010078635507805,448.47999999999996
2025-12-12,448.09,463.01,441.67,458.96,95656749,TSLA,0.027008883617892554,450.2257142857143
2025-12-15,469.44,481.7694,467.66,475.31,114542204,TSLA,0.035624019522398465,453.1942857142857
2025-12-16,472.21,491.5,465.83,489.88,107608075,TSLA,0.03065367865182722,458.1771428571428
2025-12-17,488.22,495.2799,466.2,467.26,106490405,TSLA,-0.04617457336490571,462.13142857142856
2025-12-18,478.16,490.86,473.12,483.37,95168446,TSLA,0.03447759277490059,467.5885714285714
2025-12-19,488.12,490.49,474.72,481.2,103305424,TSLA,-0.004489314603719707,471.8385714285714
2025-12-22,489.88,498.83,485.33,488.73,86916066,TSLA,0.015648379052369155,477.8157142857143
2025-12-23,489.395,491.97,482.84,485.56,58223633,TSLA,-0.006486198923741138,481.61571428571426
2025-12-24,488.48,490.9,476.8,485.4,41285429,TSLA,-0.00032951643463219327,483.0571428571429
2025-12-26,485.23,489.09,473.82,475.19,58780659,TSLA,-0.0210341985990935,480.9585714285714
2025-12-29,469.0,469.4,459.0,459.64,66263033,TSLA,-0.032723752604221445,479.86999999999995
2025-12-30,461.09,463.12,453.83,454.43,59238464,TSLA,-0.011334957793055378,475.7357142857142
2025-12-31,456.1,456.55,449.3,449.72,49077961,TSLA,-0.010364632616684633,471.23857142857145
2026-01-02,457.8,458.34,435.3,438.07,85535406,TSLA,-0.02590500756025982,464.0014285714286
2026-01-05,447.99,457.5499,444.57,451.67,67940839,TSLA,0.031045266738192634,459.15999999999997
2026-01-06,446.38,448.25,428.78,432.96,89093758,TSLA,-0.04142404853100723,451.6685714285714
2026-01-07,435.9,438.37,431.29,431.41,59828790,TSLA,-0.0035800073909828534,445.4142857142857
2026-01-08,427.89,436.89,424.365,435.8,57041094,TSLA,0.010175934725666913,442.00857142857143
2026-01-09,435.945,449.05,430.39,445.01,67331456,TSLA,0.021133547498852545,440.6628571428572
2026-01-12,441.225,454.3,438.0,448.96,61649627,TSLA,0.00887620502910047,440.55428571428575
2026-01-13,450.2,451.81,443.95,447.2,53719214,TSLA,-0.003920171062009925,441.8585714285714
2026-01-14,442.81,443.91,434.22,439.2,57259500,TSLA,-0.017889087656529523,440.07714285714286
2026-01-15,441.125,445.36,437.65,438.57,49465813,TSLA,-0.0014344262295081789,440.87857142857143
2026-01-16,439.5,447.25,435.2601,437.5,60220551,TSLA,-0.002439747360740596,441.7485714285714
2026-01-20,429.36,430.725,417.44,419.25,62208186,TSLA,-0.041714285714285704,439.38428571428574
2026-01-21,421.66,438.2,419.6201,431.44,68123987,TSLA,0.029075730471079364,437.44571428571425
2026-01-22,435.16,449.5,432.63,449.36,71546729,TSLA,0.04153532356758771,437.5028571428571
2026-01-23,447.425,452.43,444.04,449.06,56771364,TSLA,-0.0006676161652128254,437.7685714285714
2026-01-26,445.0,445.04,434.28,435.2,49397415,TSLA,-0.030864472453569713,437.19714285714286
2026-01-27,437.41,437.52,430.69,430.9,37321502,TSLA,-0.00988051470588236,436.1014285714286
2026-01-28,431.91,438.26,430.1,431.46,54857403,TSLA,0.0012996054769087717,435.23857142857145
2026-01-29,437.8,440.2299,414.62,416.56,81686127,TSLA,-0.03453390812589807,434.8542857142857
2026-01-30,425.35,439.88,422.7,430.41,82626066,TSLA,0.03324851161897446,434.70714285714286
2026-02-02,421.29,427.15,414.5,421.81,58739455,TSLA,-0.0199809483980391,430.77142857142854
2026-02-03,424.27,428.56,413.6901,421.96,56269638,TSLA,0.0003556103458903781,426.9
2026-02-04,420.46,423.9,399.18,406.01,74606873,TSLA,-0.03779979144942647,422.73
2026-02-05,397.015,402.1,387.5309,397.21,72819838,TSLA,-0.02167434299647797,417.9171428571429
2026-02-06,400.87,414.55,397.751,411.11,62677144,TSLA,0.034994083734045,415.00999999999993
2026-02-09,409.905,421.25,407.29,417.32,54484258,TSLA,0.015105446230935682,415.11857142857144
2026-02-10,418.08,427.25,417.0,425.21,64450233,TSLA,0.018906354835617645,414.3757142857143
2026-02-11,427.955,436.35,420.03,428.27,57361989,TSLA,0.0071964441099692245,415.2985714285714
2026-02-12,430.3,436.23,414.0,417.07,61933359,TSLA,-0.02615172671445576,414.6
2026-02-13,414.305,424.06,410.88,417.44,51434147,TSLA,0.000887141247272627,416.23285714285714
2026-02-17,412.36,413.72,400.51,410.63,59678789,TSLA,-0.016313721732464592,418.15
2026-02-18,411.11,416.9,409.58,411.32,45921402,TSLA,0.0016803448359836715,418.17999999999995
2026-02-19,407.25,415.2499,404.11,411.71,51019638,TSLA,0.0009481668773703156,417.37857142857143
2026-02-20,408.3,414.7,405.5,411.82,57912225,TSLA,0.0002671783536956074,415.4657142857142
2026-02-23,407.285,407.7,394.04,399.83,69680026,TSLA,-0.029114661745422765,411.4028571428571
2026-02-24,399.5,410.82,397.64,409.38,58579482,TSLA,0.023885151189255494,410.30428571428564
2026-02-25,412.15,420.34,412.15,417.4,54809704,TSLA,0.019590600420147597,410.2985714285714
2026-02-26,414.42,416.81,403.66,408.58,53602497,TSLA,-0.02113080977479631,410.0057142857143
2026-02-27,402.94,407.12,398.11,402.51,56890097,TSLA,-0.014856331685349278,408.7471428571429
2026-03-02,390.6,404.54,388.25,403.32,55088338,TSLA,0.0020123723634195567,407.5485714285714
2026-03-03,395.09,396.34,385.39,392.43,62617298,TSLA,-0.027000892591490633,404.77857142857147
2026-03-04,397.845,408.33,394.58,405.94,68305513,TSLA,0.03442652192747753,405.6514285714285
2026-03-05,401.57,408.62,399.42,405.55,51925898,TSLA,-0.000960733113267942,405.1042857142857
